,Participant,Station Name,Region,Dispatch Type,Category,Classification,Fuel Source - Primary,Fuel Source - Descriptor,Technology Type - Primary,Technology Type - Descriptor,Physical Unit No.,Unit Size (MW),Aggregation,DUID,Reg Cap (MW),Max Cap (MW),Max ROC/Min,Short name,lat,lon,Size,Distance to Station 2020-2021,Nearest Station 2020-2021,Modelled System Strength 2020-2021,Distance to Station 2029-2030,Nearest Station 2029-2030,Modelled System Strength 2029-2030,Distance to Station 2034-2035,Nearest Station 2034-2035,Modelled System Strength 2034-2035
0,Ararat Wind Farm Pty Ltd,Ararat Wind Farm,VIC1,Generator,Market,Semi-Scheduled,Wind,Wind,Renewable,Wind - Onshore,Jan-31,3.23,Y,ARWF1,241.59,241,50,Ararat ,-37.2843443,142.930621,1,26.87,CROWLANDS 220 kV,Very poor,26.87,CROWLANDS 220 kV,Very poor,26.87,CROWLANDS 220 kV,Very poor
1,Ararat Wind Farm Pty Ltd,Ararat Wind Farm,VIC1,Generator,Market,Semi-Scheduled,Wind,Wind,Renewable,Wind - Onshore,32,2.57,Y,ARWF1,-,-,-,Ararat ,-37.2843443,142.930621,1,26.87,CROWLANDS 220 kV,Very poor,26.87,CROWLANDS 220 kV,Very poor,26.87,CROWLANDS 220 kV,Very poor
2,Ararat Wind Farm Pty Ltd,Ararat Wind Farm,VIC1,Generator,Market,Semi-Scheduled,Wind,Wind,Renewable,Wind - Onshore,33-75,3.23,Y,ARWF1,-,-,-,Ararat ,-37.2843443,142.930621,1,26.87,CROWLANDS 220 kV,Very poor,26.87,CROWLANDS 220 kV,Very poor,26.87,CROWLANDS 220 kV,Very poor
3,Diamond Energy Pty Ltd,Baking Board Solar Farm,QLD1,Generator,Market,Non-Scheduled,Solar,Solar,Renewable,Photovoltaic Tracking Flat panel,1-Jul,2.5,Y,BAKING1,17,14,1000,Baking Board ,-26.698762,150.5794702,1,21.44,APLNG ORANA 275 kV,High,21.44,APLNG ORANA 275 kV,Poor,21.44,APLNG ORANA 275 kV,High
4,Alinta Energy Retail Sales Pty Ltd,Bald Hills Wind Farm,VIC1,Generator,Market,Semi-Scheduled,Wind,Wind,Renewable,Wind - Onshore,Jan-52,2.05,Y,BALDHWF1,106.6,106,600,Bald Hills ,-36.75117,149.33713,1,20.16,STEEPLE FLAT 132 kV,Poor,20.16,STEEPLE FLAT 132 kV,Poor,20.16,STEEPLE FLAT 132 kV,Very poor
5,Alinta Energy Retail Sales Pty Ltd,Bannerton Solar Park,VIC1,Generator,Market,Semi-Scheduled,Solar,Solar,Renewable,Photovoltaic Tracking Flat panel,Jan-40,2.5,Y,BANN1,100,88,18,Bannerton ,-34.73749,142.7992023,1,25.73,WEMEN 220 kV,Very poor,25.73,WEMEN 220 kV,Very poor,25.73,WEMEN 220 kV,Poor
6,Diamond Energy Pty Ltd,Barcaldine Solar Farm,QLD1,Generator,Market,Non-Scheduled,Solar,Solar,Renewable,Photovoltaic Tracking Flat panel,1-Feb,10,Y,BARCSF1,20,20,0,Barcaldine ,-23.05188,145.8212732,1,76.08,BARCALDINE 132 kV,Very poor,76.08,BARCALDINE 132 kV,Very poor,76.08,BARCALDINE 132 kV,Very poor
7,FS NSW Project No 1 At Pty Ltd as trustee for the FS NSW Project No 1 Asset Trust,"Beryl Solar Farm, Units 1-60",NSW1,Generator,Market,Semi-Scheduled,Solar,Solar,Renewable,Photovoltaic Tracking Flat panel,Jan-60,1.64,Y,BERYLSF1,98,87,88,Beryl ,-32.3430231,149.4431163,1,48.51,WOLLAR 500 kV,High,48.51,WOLLAR 500 kV,High,48.51,WOLLAR 500 kV,Very poor
8,Boco Rock Wind Farm Pty Ltd,Boco Rock Wind Farm,NSW1,Generator,Market,Semi-Scheduled,Wind,Wind,Renewable,Wind - Onshore,Jan-58,1.7,N,BOCORWF1,113.18,113,201,Boco Rock ,-36.58,149.08,1,25.82,STEEPLE FLAT 132 kV,Poor,25.82,STEEPLE FLAT 132 kV,Poor,25.82,STEEPLE FLAT 132 kV,Very poor
9,Boco Rock Wind Farm Pty Ltd,Boco Rock Wind Farm,NSW1,Generator,Market,Semi-Scheduled,Wind,Wind,Renewable,Wind - Onshore,59-67,1.62,N,BOCORWF1,-,-,-,Boco Rock ,-36.58,149.08,1,25.82,STEEPLE FLAT 132 kV,Poor,25.82,STEEPLE FLAT 132 kV,Poor,25.82,STEEPLE FLAT 132 kV,Very poor
10,Bodangora Wind Farm Pty Limited,Bodangora Wind Farm ,NSW1,Generator,Market,Semi-Scheduled,Wind,Wind,Renewable,Wind - Onshore,Jan-33,3.43,Y,BODWF1,113.19,111,50,Bodangora ,-32.4566667,148.9927778,1,8.32,WELLINGTON 330 kV,Neutral,8.32,WELLINGTON 330 kV,Neutral,8.32,WELLINGTON 330 kV,Neutral
11,Bomen Solar Farm Pty Ltd as trustee for Bomen SF Trust,Bomen Solar Farm,NSW1,Generator,Market,Semi-Scheduled,Solar,Solar,Renewable,Photovoltaic Tracking Flat panel,Jan-44,2.273,Y,BOMENSF1,121,100,18,Bomen ,-35.0816667,147.4177778,1,13.39,WAGGA 330 kV,Neutral,13.39,WAGGA 330 kV,High,13.39,WAGGA 330 kV,High
12,AGL Hydro Partnership,Broken Hill Solar Plant,NSW1,Generator,Market,Semi-Scheduled,Solar,Solar,Renewable,Photovoltaic Flat panel,Jan-80,0.672,N,BROKENH1,53.76,53,20,Broken Hill ,-31.965,141.4511111,1,3.82,BROKEN HILL 220 kV,Very poor,3.82,BROKEN HILL 220 kV,Very poor,3.82,BROKEN HILL 220 kV,Very poor
13,Bulgana Wind Farm Pty Ltd,Bulgana Green Power Hub - Units 1-50,VIC1,Generator,Market,     Semi-Scheduled,Wind,Wind,Renewable,Wind - Onshore,Jan-50,2,Y,BULGANA1,182,100,20,Bulgana Green Power Hub - Units 1-50,-37.097439,142.973608,1,6.85,BULGANA 220 kV,Very poor,6.85,BULGANA 220 kV,Very poor,6.85,BULGANA 220 kV,Very poor
14,Origin Energy Uranquinty Power Pty Ltd,Bungala One Solar Farm,SA1,Generator,Market,Semi-Scheduled,Solar,Solar,Renewable,Photovoltaic Tracking Flat panel,54,2.5,Y,BNGSF1,135,110,25,Bungala One ,-32.4155509,137.8398439,1,13.74,DAVENPORT 275 kV,Very poor,13.74,DAVENPORT 275 kV,Very poor,13.74,DAVENPORT 275 kV,Very poor
15,Origin Energy Uranquinty Power Pty Ltd,Bungala Two Solar Farm,SA1,Generator,Market,Semi-Scheduled,Solar,Solar,Renewable,Photovoltaic Tracking Flat panel,54,2.5,Y,BNGSF2,135,110,25,Bungala Two ,-32.4155509,137.8398439,1,13.74,DAVENPORT 275 kV,Very poor,13.74,DAVENPORT 275 kV,Very poor,13.74,DAVENPORT 275 kV,Very poor
16,Canunda Power Pty Ltd,Canunda Wind Farm,SA1,Generator,Market,Non-Scheduled,Wind,Wind,Renewable,Wind - Onshore,Jan-23,2,N,CNUNDAWF,46,46,,Canunda ,-37.73087685,140.3195743,1,11.31,SNUGGERY 132 kV,Very poor,11.31,SNUGGERY 132 kV,Very poor,11.31,SNUGGERY 132 kV,Poor
17,Infigen Energy Holdings Pty Limited,Capital East Solar Farm,NSW1,Generator,Market,Non-Scheduled,Solar,Solar,Renewable,Photovoltaic Flat panel,1-Feb,0.013,N,CESF1,0.205,1,0,Capital East ,-35.1458,149.5671,1,"11,750.79",LINDISFARNE 220 kV,Neutral,"11,750.79",LINDISFARNE 220 kV,Neutral,"11,750.79",LINDISFARNE 220 kV,Neutral
18,Infigen Energy Holdings Pty Limited,Capital East Solar Farm,NSW1,Generator,Market,Non-Scheduled,Solar,Solar,Renewable,Photovoltaic Flat panel,3,0.011,N,CESF1,-,-,-,Capital East ,-35.1458,149.5671,1,"11,750.79",LINDISFARNE 220 kV,Neutral,"11,750.79",LINDISFARNE 220 kV,Neutral,"11,750.79",LINDISFARNE 220 kV,Neutral
19,Infigen Energy Holdings Pty Limited,Capital East Solar Farm,NSW1,Generator,Market,Non-Scheduled,Solar,Solar,Renewable,Photovoltaic Flat panel,4,0.168,N,CESF1,-,-,-,Capital East ,-35.1458,149.5671,1,"11,750.79",LINDISFARNE 220 kV,Neutral,"11,750.79",LINDISFARNE 220 kV,Neutral,"11,750.79",LINDISFARNE 220 kV,Neutral
20,Infigen Energy Markets Pty Limited,Capital Wind Farm,NSW1,Generator,Market,Non-Scheduled,Wind,Wind,Renewable,Wind - Onshore,Jan-67,2,N,CAPTL_WF,140,140,,Capital ,-35.1458,149.5671,1,"11,750.59",LINDISFARNE 220 kV,Neutral,"11,750.59",LINDISFARNE 220 kV,Neutral,"11,750.59",LINDISFARNE 220 kV,Neutral
21,Cathedral Rocks Wind Farm Pty Ltd,Cathedral Rocks,SA1,Generator,Market,Non-Scheduled,Wind,Wind,Renewable,Wind - Onshore,Jan-33,2,N,CATHROCK,66,66,,Cathedral Rocks,-34.85,135.583333,1,1.01,SLEAFORD 132 kV,Very poor,1.01,SLEAFORD 132 kV,Very poor,1.01,SLEAFORD 132 kV,Very poor
22,Wild Cattle Hill Pty Ltd,Cattle Hill Wind Farm,TAS1,Generator,Market,Semi-Scheduled,Wind,Wind,Renewable,Wind - Onshore,Jan-48,3,Y,CTHLWF1,148,144,6,Cattle Hill ,-16.2498471,145.3249177,1,65.04,LAKELAND 132 kV,Very poor,65.04,LAKELAND 132 kV,Very poor,65.04,LAKELAND 132 kV,Very poor
23,Pacific Hydro Challicum Hills Pty Ltd,Challicum Hills Wind Farm,VIC1,Generator,Market,Non-Scheduled,Wind,Wind,Renewable,Wind - Onshore,Jan-35,1.5,Y,CHALLHWF,52.5,52,0,Challicum Hills ,-37.38,143.11,1,29,CROWLANDS 220 kV,Very poor,29,CROWLANDS 220 kV,Very poor,29,CROWLANDS 220 kV,Very poor
24,AETV Pty Ltd,Chepstowe Wind Farm,VIC1,Generator,Market,Non-Scheduled,Wind,Wind,Renewable,Wind - Onshore,1-Mar,2.05,N,CHPSTWF1,6.15,6,0,Chepstowe ,-37.596725,143.4853814,1,32.6,BALLARAT 220 kV,Very poor,32.6,BALLARAT 220 kV,Very poor,32.6,BALLARAT 220 kV,Very poor
25,Cherry Tree Wind Farm Pty Ltd as trustee for The Cherry Tree Project trust ,Cherry Tree Wind Farm,VIC1,Generator,Market,Semi-Scheduled,Wind,Wind,Renewable,Wind - Onshore,Jan-16,3.562,Y,CHYTWF1,57.6,57,0,Cherry Tree ,-33.2816667,149.5344444,1,46.59,MOUNT PIPER 500 kV,High,46.59,MOUNT PIPER 500 kV,High,46.59,MOUNT PIPER 500 kV,High
26,Childers Solar Pty Ltd as the Trustee for the Childers Solar Trust ,Childers Solar Farm,QLD1,Generator,Market,Semi-Scheduled,Solar,Solar,Renewable,Photovoltaic Tracking Flat panel,Jan-37,1.51,Y,CHILDSF1,64.38,56,192,Childers ,-25.2345404,152.2768198,1,50.79,TEEBAR CREEK 275 kV,High,50.79,TEEBAR CREEK 275 kV,High,50.79,TEEBAR CREEK 275 kV,High
27,Clare Solar Farm Pty Ltd,Clare Solar Farm,QLD1,Generator,Market,Semi-Scheduled,Solar,Solar,Renewable,Photovoltaic Tracking Flat panel,Jan-69,1.598,Y,CLARESF1,110.262,100,12,Clare ,-19.83941664,147.2103591,1,70.04,ROSS 275 kV,Very poor,70.04,ROSS 275 kV,Very poor,70.04,ROSS 275 kV,Very poor
28,Pacific Hydro Clements Gap Pty Ltd,Clements Gap Wind Farm,SA1,Generator,Market,Semi-Scheduled,Wind,Wind,Renewable,Wind - Onshore,Jan-27,2,N,CLEMGPWF,57,57,30,Clements Gap ,-33.5084391,138.0644427,1,31.64,BRINKWORTH 275 kV,Poor,31.64,BRINKWORTH 275 kV,Neutral,31.64,BRINKWORTH 275 kV,Very poor
29,Clermont Asset Co Pty Ltd as the Trustee for the Clermont Solar Unit Trust,Clermont Solar Farm,QLD1,Generator,Market,Semi-Scheduled,Solar,Solar,Renewable,Photovoltaic Tracking Flat panel,Jan-37,2.03,Y,CLERMSF1,92.5,75,90,Clermont ,-22.8246746,147.6403071,1,84.41,DYSART 132 kV,Poor,84.41,DYSART 132 kV,Poor,84.41,DYSART 132 kV,Poor
30,Energy Pacific (Vic) Pty Ltd,Codrington Wind Farm,VIC1,Generator,Market,Non-Scheduled,Wind,Wind,Renewable,Wind - Onshore,Jan-14,1.3,N,CODRNGTON,18.2,18,0,Codrington ,-28.9483333,153.2427778,1,8.32,LISMORE 330 kV,Neutral,8.32,LISMORE 330 kV,Neutral,8.32,LISMORE 330 kV,Neutral
31,Coleambally Solar Pty Ltd,Coleambally Solar Farm,NSW1,Generator,Market,Semi-Scheduled,Solar,Solar,Renewable,Photovoltaic Tracking Flat panel,Jan-90,1.666,Y,COLEASF1,180,150,30,Coleambally ,-34.8059444,145.8805161,1,22.46,DARLINGTON POINT 330 kV,Very poor,22.46,DARLINGTON POINT 330 kV,High,22.46,DARLINGTON POINT 330 kV,Very poor
32,Collector Wind Farm Pty Ltd,Collector Wind Farm 1,NSW1,Generator,Market,Semi-Scheduled,Wind,Wind,Renewable,Wind - Onshore,Jan-54,4.055,Y,COLWF01,113,110,44,Collector ,-34.9133385,149.4322749,1,31.57,CAPITAL 330 kV,High,31.57,CAPITAL 330 kV,High,31.57,CAPITAL 330 kV,High
33,Braemar Power Project Pty Ltd ,Collinsville Solar PV Power Station,QLD1,Generator,Market,Semi-Scheduled,Solar,Solar,Renewable,Photovoltaic Flat Panel,Jan-17,2.47,Y,CSPVPS1,42,40,8,Collinsville ,-20.549259,147.8434135,1,9.01,STRATHMORE 275 kV,Poor,9.01,STRATHMORE 275 kV,Very poor,9.01,STRATHMORE 275 kV,Very poor
34,Coonooer Bridge Wind Farm Pty Ltd,Coonooer Bridge Wind Farm,VIC1,Generator,Market,Non-Scheduled,Wind,Wind,Renewable,Wind - Onshore,1,19.8,N,CBWF1,19.8,20,0,Coonooer Bridge ,-36.47512,143.3195271,1,69.18,BULGANA 220 kV,Very poor,69.18,BULGANA 220 kV,Very poor,69.18,BULGANA 220 kV,Very poor
35,AGL PARF QLD Pty Limited,Coopers Gap Wind Farm,QLD1,Generator,Market,Semi-Scheduled,Wind,Wind,Renewable,Wind - Onshore,Jan-48,3.52,Y,COOPGWF1,174,169,100,Coopers Gap ,-26.76247,151.49947,1,3.86,COOPERS GAP 275 kV,High,3.86,COOPERS GAP 275 kV,Very poor,3.86,COOPERS GAP 275 kV,Neutral
36,AGL PARF QLD Pty Limited,Coopers Gap Wind Farm,QLD1,Generator,Market,Semi-Scheduled,Wind,Wind,Renewable,Wind - Onshore,49-62,3.71,Y,COOPGWF1,53,52,100,Coopers Gap ,-26.76247,151.49947,1,3.86,COOPERS GAP 275 kV,High,3.86,COOPERS GAP 275 kV,Very poor,3.86,COOPERS GAP 275 kV,Neutral
37,AGL PARF QLD Pty Limited,Coopers Gap Wind Farm,QLD1,Generator,Market,Semi-Scheduled,Wind,Wind,Renewable,Wind - Onshore,63-105,3.53,Y,COOPGWF1,156,152,100,Coopers Gap ,-26.76247,151.49947,1,3.86,COOPERS GAP 275 kV,High,3.86,COOPERS GAP 275 kV,Very poor,3.86,COOPERS GAP 275 kV,Neutral
38,AGL PARF QLD Pty Limited,Coopers Gap Wind Farm,QLD1,Generator,Market,Semi-Scheduled,Wind,Wind,Renewable,Wind - Onshore,106-123,3.72,Y,COOPGWF1,69,67,100,Coopers Gap ,-26.76247,151.49947,1,3.86,COOPERS GAP 275 kV,High,3.86,COOPERS GAP 275 kV,Very poor,3.86,COOPERS GAP 275 kV,Neutral
39,Crookwell Development Pty Ltd ,Crookwell 2 Wind Farm,NSW1,Generator,Market,Semi-Scheduled,Wind,Wind,Renewable,Wind - Onshore,Jan-28,3.43,Y,CROOKWF2,96.04,91,100,Crookwell 2 ,-34.4576958,149.4696713,1,17.02,CROOKWELL 2 330 kV,High,17.02,CROOKWELL 2 330 kV,High,17.02,CROOKWELL 2 330 kV,High
40,Pacific Hydro Crowlands Pty Ltd ,Crowlands Wind Farm,VIC1,Generator,Market,Semi-Scheduled,Wind,Wind,Renewable,Wind - Onshore,Jan-39,2.05,Y,CROWLWF1,79.95,79,39,Crowlands ,-37.1499246,143.1075062,1,5.25,CROWLANDS 220 kV,Very poor,5.25,CROWLANDS 220 kV,Very poor,5.25,CROWLANDS 220 kV,Very poor
41,Cullerin Range Wind Farm Pty Ltd,Cullerin Range Wind Farm,NSW1,Generator,Market,Non-Scheduled,Wind,Wind,Renewable,Wind - Onshore,Jan-15,2,N,CULLRGWF,30,30,,Cullerin Range ,-34.7767111,149.3553066,1,20.37,GULLEN RANGE 330 kV,High,20.37,GULLEN RANGE 330 kV,High,20.37,GULLEN RANGE 330 kV,High
42,Darling Downs Solar Farm Pty Ltd ,"Darling Downs Solar Farm, Units 1-44 ",QLD1,Generator,Market,Semi-Scheduled,Solar,Solar ,Renewable,Photovoltaic Flat Panel,Jan-44,2.75,Y,DDSF1,121,108,21,Darling Downs ,-27.112,150.8819,1,1.84,BRAEMAR 330 kV,High,1.84,BRAEMAR 330 kV,Very poor,1.84,BRAEMAR 330 kV,Neutral
43,Darlington Point Solar Farm Pty Ltd ,"Darlington Point Solar Farm, Units 1-108",NSW1,Generator,Market,Semi-Scheduled,Solar,Solar,Renewable,Photovoltaic Tracking Flat panel,1-108,2.546,Y,DARLSF1,324,275,55,Darlington Point ,-34.5659957,146.0002828,1,9.77,DARLINGTON POINT 330 kV,Very poor,9.77,DARLINGTON POINT 330 kV,High,9.77,DARLINGTON POINT 330 kV,Very poor
44,Daydream Solar Farm Pty Ltd ATF the Daydream Solar Farm Trust ,Daydream Solar Farm,QLD1,Generator,Market,Semi-Scheduled,Solar,Solar,Renewable,Photovoltaic Tracking Flat panel,Jan-29,2.75,Y,DAYDSF1,79.75,71.34,165,Daydream ,-28.085556,153.449469,1,5.2,MUDGEERABA 275 kV,High,5.2,MUDGEERABA 275 kV,Neutral,5.2,MUDGEERABA 275 kV,High
45,Daydream Solar Farm Pty Ltd ATF the Daydream Solar Farm Trust ,Daydream Solar Farm,QLD1,Generator,Market,Semi-Scheduled,Solar,Solar,Renewable,Photovoltaic Tracking Flat panel,30-61,2.75,Y,DAYDSF2,88,78.72,165,Daydream ,-28.085556,153.449469,1,5.2,MUDGEERABA 275 kV,High,5.2,MUDGEERABA 275 kV,Neutral,5.2,MUDGEERABA 275 kV,High
46,Dundonnell Wind Farm Pty Ltd,Dundonnell Wind Farm,VIC1,Generator,Market,Semi-Scheduled,Wind,Wind,Renewable,Wind - Onshore,Jan-40,4.2,Y,DUNDWF1,168,168,34,Dundonnell ,-37.8992405,142.9841108,1,31.13,HAUNTED GULLY 500 kV,Very poor,31.13,HAUNTED GULLY 500 kV,Very poor,31.13,HAUNTED GULLY 500 kV,Very poor
47,Dundonnell Wind Farm Pty Ltd,Dundonnell Wind Farm,VIC1,Generator,Market,Semi-Scheduled,Wind,Wind,Renewable,Wind - Onshore,41-51,4.18,Y,DUNDWF2,46,46,10,Dundonnell ,-37.8992405,142.9841108,1,31.13,HAUNTED GULLY 500 kV,Very poor,31.13,HAUNTED GULLY 500 kV,Very poor,31.13,HAUNTED GULLY 500 kV,Very poor
48,Dundonnell Wind Farm Pty Ltd,Dundonnell Wind Farm,VIC1,Generator,Market,Semi-Scheduled,Wind,Wind,Renewable,Wind - Onshore,52-80,4.2,Y,DUNDWF3,121,122,25,Dundonnell ,-37.8992405,142.9841108,1,31.13,HAUNTED GULLY 500 kV,Very poor,31.13,HAUNTED GULLY 500 kV,Very poor,31.13,HAUNTED GULLY 500 kV,Very poor
49,Lal Lal Wind Farms Nom Co Pty Ltd,Elaine Wind Farm,VIC1,Generator,Market,Semi-Scheduled,Wind,Wind,Renewable,Wind - Onshore,Jan-22,3.8,Y,ELAINWF1,83.6,82,16,Elaine ,-37.7763154,144.0290035,1,5.38,ELAINE 220 kV,Very poor,5.38,ELAINE 220 kV,Very poor,5.38,ELAINE 220 kV,Very poor
50,Telstra Energy (Generation) Pty Ltd,Emerald Solar Park,QLD1,Generator,Market,Semi-Scheduled,Solar,Solar,Renewable,Photovoltaic Tracking Flat panel,Jan-32,2.75,N,EMERASF1,88,72,165,Emerald ,-23.5263118,148.1618622,1,51.87,LILYVALE 275 kV,Neutral,51.87,LILYVALE 275 kV,Poor,51.87,LILYVALE 275 kV,Poor
51,Ferguson Wind Farm Pty Ltd ,Ferguson North Wind Farm,VIC1,Generator,Market,Nion-Scheduled,Wind,Wind,Renewable,Wind - Onshore,1,4,N,FNWF1,4,3,0,Ferguson North ,-38.609398,143.176293,1,46.94,TERANG 220 kV,Poor,46.94,TERANG 220 kV,Poor,46.94,TERANG 220 kV,Poor
52,Finley Solar Farm Pty Ltd as trustee for the Finley Solar Trust,Finley Solar Farm,NSW1,Generator,Market,Semi-Scheduled,Solar,Solar ,Renewable,Photovoltaic Tracking  Flat Panel,99,1.34,Y,FINLYSF1,162.36,133,27,Finley ,-35.6446552,145.5780957,1,5.93,FINLEY 132 kV,Very poor,5.93,FINLEY 132 kV,Very poor,5.93,FINLEY 132 kV,Very poor
53,Gannawarra Solar Farm Pty Ltd,Gannawarra Solar Farm,VIC1,Generator,Market,Semi-Scheduled,Solar,Solar,Renewable,Photovoltaic Tracking Flat panel,Jan-22,2.5,Y,GANNSF1,55,50,1000,Gannawarra ,-35.7169085,144.1460363,1,20.08,KERANG 220 kV,Poor,20.08,KERANG 220 kV,Poor,20.08,KERANG 220 kV,High
54,Goonumbla Asset Co Pty Ltd as the Trustee for Goonumbla Asset Trust ,"Goonumbla Solar Farm, Units 1-31",NSW1,Generator,Market,     Semi-Scheduled,Solar,Solar,Renewable,Photovoltaic Tracking Flat Panel,Jan-31,2.25,Y,GOONSF1,85,69,13,Goonumbla ,-32.945,148.0547222,1,17.64,PARKES 132 kV,Poor,17.64,PARKES 132 kV,Poor,17.64,PARKES 132 kV,Poor
55,Granville Harbour Operations Pty Ltd as The Trustee for Granville Harbour Operations Trust,Granville Harbour Wind Farm,TAS1,Generator,Market,Semi-Scheduled,Wind,Wind,Renewable,Wind - Onshore,Jan-31,3.55,Y,GRANWF1,110,111,22,Granville Harbour ,-41.8076932,145.035148,1,1.61,GRANVILLE HARBOUR 220 kV,Poor,1.61,GRANVILLE HARBOUR 220 kV,Poor,1.61,GRANVILLE HARBOUR 220 kV,Poor
56,Griffith Solar Farm Pty Ltd,Griffith Solar Farm,NSW1,Generator,Market,Non-Scheduled,Solar,Solar,Renewable,Photovoltaic Tracking Flat panel,1-Dec,2.27,Y,GRIFSF1,27.2,27,1,Griffith ,-34.2870772,146.0551022,1,5.91,GRIFFITH 132 kV,Very poor,5.91,GRIFFITH 132 kV,Neutral,5.91,GRIFFITH 132 kV,Neutral
57,New Gullen Range Wind Farm Pty Ltd,Gullen Range Solar Farm,NSW1,Generator,Market,Semi-Scheduled,Solar,Solar,Renewable,Photovoltaic Flat panel,1-Apr,2.5,Y,GULLRSF1,10,10,10,Gullen Range ,-34.54,149.4011111,1,9.72,GULLEN RANGE 330 kV,High,9.72,GULLEN RANGE 330 kV,High,9.72,GULLEN RANGE 330 kV,High
58,New Gullen Range Wind Farm Pty Ltd,Gullen Range Wind Farm,NSW1,Generator,Market,Semi-Scheduled,Wind,Wind,Renewable,Wind - Onshore,Jan-17,1.461,N,GULLRWF1,275.5,268,55,Gullen Range ,-34.54,149.4011111,1,9.72,GULLEN RANGE 330 kV,High,9.72,GULLEN RANGE 330 kV,High,9.72,GULLEN RANGE 330 kV,High
59,New Gullen Range Wind Farm Pty Ltd,Gullen Range Wind Farm,NSW1,Generator,Market,Semi-Scheduled,Wind,Wind,Renewable,Wind - Onshore,18-73,2.435,N,GULLRWF1,-,-,-,Gullen Range ,-34.54,149.4011111,1,9.72,GULLEN RANGE 330 kV,High,9.72,GULLEN RANGE 330 kV,High,9.72,GULLEN RANGE 330 kV,High
60,New Gullen Range Wind Farm Pty Ltd,Gullen Range Wind Farm,NSW1,Generator,Market,Semi-Scheduled,Wind,Wind,Renewable,Wind - Onshore,74-104,3.451,Y,GULLRWF2,-,-,-,Gullen Range ,-34.54,149.4011111,1,9.72,GULLEN RANGE 330 kV,High,9.72,GULLEN RANGE 330 kV,High,9.72,GULLEN RANGE 330 kV,High
61,Gunning Wind Energy Developments Pty Ltd,Gunning Wind Farm,NSW1,Generator,Market,Semi-Scheduled,Wind,Wind,Renewable,Wind - Onshore,Jan-31,1.5,N,GUNNING1,46.5,47,47,Gunning ,-34.7831232,149.2659887,1,25.71,GULLEN RANGE 330 kV,High,25.71,GULLEN RANGE 330 kV,High,25.71,GULLEN RANGE 330 kV,High
62,AGL SA Generation Pty Limited,Hallett 1 Wind Farm,SA1,Generator,Market,Semi-Scheduled,Wind,Wind,Renewable,Wind - Onshore,Jan-45,2.1,N,HALLWF1,94.5,95,30,Hallett 1 ,-33.3790238,138.9177782,1,11.8,WILLOGOLECHE 275 kV,Very poor,11.8,WILLOGOLECHE 275 kV,Poor,11.8,WILLOGOLECHE 275 kV,Poor
63,AGL SA Generation Pty Limited,Hallett 2 Wind Farm,SA1,Generator,Market,Semi-Scheduled,Wind,Wind,Renewable,Wind - Onshore,Jan-34,2.1,N,HALLWF2,71.4,71,30,Hallett 2 ,-33.4118964,138.8936983,1,7.88,WILLOGOLECHE 275 kV,Very poor,7.88,WILLOGOLECHE 275 kV,Poor,7.88,WILLOGOLECHE 275 kV,Poor
64,Hamilton Solar Farm Pty Ltd,Hamilton Solar Farm,QLD1,Generator,Market,Semi-Scheduled,Solar,Solar,Renewable,Photovoltaic Tracking Flat panel,,2.5,Y,HAMISF1,57.5,56,20,Hamilton ,-37.7435744,142.0243127,1,50.35,TARRONE 500 kV,Very poor,50.35,TARRONE 500 kV,Very poor,50.35,TARRONE 500 kV,Very poor
65,Pacific Hydro Haughton Solar Farm Pty Ltd,Haughton Solar Farm Stage 1,QLD1,Generator,Market,Semi-Scheduled,Solar,Solar,Renewable,Photovoltaic Tracking Flat panel,Jan-81,1.23,Y,HAUGHT11,132,100,20,Haughton ,-35.2395776,150.1720982,1,59.25,CAPITAL 330 kV,High,59.25,CAPITAL 330 kV,High,59.25,CAPITAL 330 kV,High
66,Hayman Solar Farm Pty Ltd ATF the Hayman Solar Farm Trust ,Hayman Solar Farm,QLD1,Generator,Market,Semi-Scheduled,Solar,Solar,Renewable,Photovoltaic Tracking Flat panel,Jan-21,2.75,Y,HAYMSF1,57.75,50,165,Hayman ,-20.0502875,148.8884541,1,124.04,PIONEER VALLEY 132 kV,Neutral,124.04,PIONEER VALLEY 132 kV,Neutral,124.04,PIONEER VALLEY 132 kV,Neutral
67,Mt Mercer Windfarm Pty Ltd,Hepburn Community Wind Farm,VIC1,Generator,Market,Non-Scheduled,Wind,Wind,Renewable,Wind - Onshore,1 & 2,2.05,N,HEPWIND1,4.1,4,0,Hepburn Community ,-37.35090835,144.1514661,1,33.77,BALLARAT 220 kV,Very poor,33.77,BALLARAT 220 kV,Very poor,33.77,BALLARAT 220 kV,Very poor
68,HWF1 Pty Ltd,Hornsdale Wind Farm,SA1,Generator,Market,Semi-Scheduled,Wind,Wind,Renewable,Wind - Onshore,Jan-32,3.2,Y,HDWF1,102.4,102,50,Hornsdale ,-33.03989425,138.5254303,1,5.07,HORNSDALE 275 kV,Very poor,5.07,HORNSDALE 275 kV,Very poor,5.07,HORNSDALE 275 kV,Very poor
69,HWF2 Pty Ltd,Hornsdale Wind Farm 2,SA1,Generator,Market,Semi-Scheduled,Wind,Wind,Renewable,Wind - Onshore,Jan-32,3.2,Y,HDWF2,102.4,102,50,Hornsdale ,-33.03989425,138.5254303,1,5.07,HORNSDALE 275 kV,Very poor,5.07,HORNSDALE 275 kV,Very poor,5.07,HORNSDALE 275 kV,Very poor
70,HWF3 Pty Ltd,Hornsdale Wind Farm 3,SA1,Generator,Market,Semi-Scheduled,Wind,Wind,Renewable,Wind - Onshore,Jan-35,3.2,Y,HDWF3,112,109,50,Hornsdale ,-33.03989425,138.5254303,1,5.07,HORNSDALE 275 kV,Very poor,5.07,HORNSDALE 275 kV,Very poor,5.07,HORNSDALE 275 kV,Very poor
71,Hughenden Solar Pty Limited As Trustee For Hughenden Solar Trust,Hughenden Solar Farm,QLD1,Generator,Market,Non-Scheduled,Solar,Solar,Renewable,Photovoltaic Tracking Flat panel,Jan-18,1.165,Y,HUGSF1,20.97,18,60,Hughenden ,-20.8422448,144.2002892,1,1.95,CAPE RIVER 66 kV,Very poor,1.95,CAPE RIVER 66 kV,Very poor,1.95,CAPE RIVER 66 kV,Very poor
72,Iraak Sun Farm Pty Ltd,Karadoc Solar Farm,VIC1,Generator,Market,Semi-Scheduled,Solar,Solar,Renewable,Photovoltaic Flat panel,Jan-38,2.368,Y,KARSF1,104,90,18,Karadoc ,-34.3406945,142.2835137,1,6.78,RED CLIFFS 220 kV,Very poor,6.78,RED CLIFFS 220 kV,Poor,6.78,RED CLIFFS 220 kV,Very poor
73,KSF Project Nominees Pty Ltd as Trustee for the KSF Project Trust ,Kiamal Solar Farm,VIC1,Generator,Market,Semi-Scheduled,Solar,Solar,Renewable,Photovoltaic Tracking Flat Panel,1-150,1.333,Y,KIAMSF1,239,200,40,Kiamal ,-34.9956336,142.3157549,1,2.92,KIAMAL 220 kV,Very poor,2.92,KIAMAL 220 kV,Very poor,2.92,KIAMAL 220 kV,Very poor
74,Kiata Wind Farm Pty Ltd,Kiata Wind Farm,VIC1,Generator,Market,Semi-Scheduled,Wind,Wind,Renewable,Wind - Onshore,1-Sep,3.45,N,KIATAWF1,31.05,31,37,Kiata ,-36.3628945,141.7921237,1,48.01,MURRA WARRA 220 kV,Very poor,48.01,MURRA WARRA 220 kV,Very poor,48.01,MURRA WARRA 220 kV,Very poor
75,Genex (Solar) Pty Ltd,Kidston Solar Project,QLD1,Generator,Market,Semi-Scheduled,Solar,Solar,Renewable,Photovoltaic Flat panel,Jan-20,2.385,Y,KSP1,50,47.7,10,Kidston ,-19.0361744,144.1233429,1,18.09,KIDSTON 132 kV,Very poor,18.09,KIDSTON 132 kV,Very poor,18.09,KIDSTON 132 kV,Very poor
76,Lake Bonney Wind Power Pty Ltd,Lake Bonney Stage 2 Windfarm,SA1,Generator,Market,Semi-Scheduled,Wind,Wind,Renewable,Wind - Onshore,Jan-53,3,N,LKBONNY2,159,159,32,Lake Bonney Stage 2 ,-37.7782783,140.3550945,1,13.79,SNUGGERY 132 kV,Very poor,13.79,SNUGGERY 132 kV,Very poor,13.79,SNUGGERY 132 kV,Poor
77,Lake Bonney Wind Power Pty Ltd,Lake Bonney Stage 3 Wind Farm,SA1,Generator,Market,Semi-Scheduled,Wind,Wind,Renewable,Wind - Onshore,Jan-13,3,N,LKBONNY3,39,39,32,Lake Bonney Stage 3 ,-37.7782783,140.3550945,1,13.79,SNUGGERY 132 kV,Very poor,13.79,SNUGGERY 132 kV,Very poor,13.79,SNUGGERY 132 kV,Poor
78,Lake Bonney Wind Power Pty Ltd,Lake Bonney Wind Farm Stage 1,SA1,Generator,Market,Non-Scheduled,Wind,Wind,Renewable,Wind - Onshore,Jan-46,1.75,N,LKBONNY1,80.5,81,,Lake Bonney ,-37.7782783,140.3550945,1,13.79,SNUGGERY 132 kV,Very poor,13.79,SNUGGERY 132 kV,Very poor,13.79,SNUGGERY 132 kV,Poor
79,Ergon Energy Queensland Pty Ltd ,Lilyvale Solar Farm,QLD1,Generator,Market,Semi-Scheduled,Solar,Solar,Renewable,Photovoltaic Tracking Flat panel,Jan-74,1.35,Y,LILYSF1,118,100,20,Lilyvale ,-27.4316695,151.8732436,1,22.47,MIDDLE RIDGE 275 kV,Poor,22.47,MIDDLE RIDGE 275 kV,Very poor,22.47,MIDDLE RIDGE 275 kV,Neutral
80,Limondale Sun Farm Pty Ltd,Limondale Solar Farm 1,NSW1,Generator,Market,Semi-Scheduled,Solar,Solar,Renewable,Photovoltaic Tracking Flat Panel,1-100,2.2,Y,LIMOSF11,275,220,44,Limondale ,-34.79,143.5,1,2.8,BALRANALD 220 kV,Very poor,2.8,BALRANALD 220 kV,Very poor,2.8,BALRANALD 220 kV,Very poor
81,Limondale Sun Farm Pty Ltd,Limondale Solar Farm 2,NSW1,Generator,Market,Semi-Scheduled,Solar,Solar,Renewable,Photovoltaic Tracking Flat Panel,Jan-14,2.07,Y,LIMOSF21,38,29,6,Limondale ,-34.79,143.5,1,2.8,BALRANALD 220 kV,Very poor,2.8,BALRANALD 220 kV,Very poor,2.8,BALRANALD 220 kV,Very poor
82,Lincoln Gap Wind Farm (Operations) Pty Ltd,Lincoln Gap Wind Farm,SA1,Generator,Market,Semi-Scheduled,Wind,Wind,Renewable,Wind - Onshore,Jan-59,3.6,Y,LGAPWF1,212.4,212.4,0,Lincoln Gap ,-32.5555237,137.5374352,1,8.83,CORRABERRA HILL 275 kV,Very poor,8.83,CORRABERRA HILL 275 kV,Very poor,8.83,CORRABERRA HILL 275 kV,Very poor
83,Diamond Energy Pty Ltd,Longreach Solar Farm,QLD1,Generator,Market,Non-Scheduled,Solar,Solar,Renewable,Photovoltaic Tracking Flat panel,1-Jul,2,Y,LRSF1,17,14,1000,Longreach ,-23.8751875,143.9131051,1,146.92,BARCALDINE 132 kV,Very poor,146.92,BARCALDINE 132 kV,Very poor,146.92,BARCALDINE 132 kV,Very poor
84,AGL Hydro Partnership,Macarthur Wind Farm,VIC1,Generator,Market,Semi-Scheduled,Wind,Wind,Renewable,Wind - Onshore,1-140,3,N,MACARTH1,420,420,90,Macarthur ,-34.0719861,150.7971899,1,3.21,MACARTHUR 330 kV,High,3.21,MACARTHUR 330 kV,High,3.21,MACARTHUR 330 kV,High
85,Manildra Prop Pty Ltd as The Trustee for the Manildra Asset Trust,Manildra solar Farm,NSW1,Generator,Market,Semi-Scheduled,Solar,Solar,Renewable,Photovoltaic Flat panel,1-Oct,2.5,Y,MANSLR1,50,46,46,Manildra solar Farm,-33.183333,148.683333,1,57.34,PARKES 132 kV,Poor,57.34,PARKES 132 kV,Poor,57.34,PARKES 132 kV,Poor
86,Manildra Prop Pty Ltd as The Trustee for the Manildra Asset Trust,Manildra solar Farm,NSW1,Generator,Market,Semi-Scheduled,Solar,Solar,Renewable,Photovoltaic Flat panel,Nov-20,2.5,Y,MANSLR1,-,-,-,Manildra solar Farm,-33.183333,148.683333,1,57.34,PARKES 132 kV,Poor,57.34,PARKES 132 kV,Poor,57.34,PARKES 132 kV,Poor
87,Alinta Energy Retail Sales Pty Ltd,Maroona Wind Farm,VIC1,Generator,Market,Non-Scheduled,Wind,Wind,Renewable,Wind - Onshore,1-Feb,3.4,Y,MAROOWF1,6.8,6,4,Maroona ,-37.4398128,142.8597202,1,43.98,CROWLANDS 220 kV,Very poor,43.98,CROWLANDS 220 kV,Very poor,43.98,CROWLANDS 220 kV,Very poor
88,Diamond Energy Pty Ltd,Maryrorough Solar Farm,QLD1,Generator,Market,Semi-Scheduled,Solar,Solar,Renewable,Photovoltaic Tracking Flat panel,1-Dec,2.25,Y,MARYRSF1,33,27,6,Maryrorough ,-26.8422,150.7883,1,9.39,KOGAN CREEK 275 kV,High,9.39,KOGAN CREEK 275 kV,Neutral,9.39,KOGAN CREEK 275 kV,High
89,Molong Operationsco Pty Ltd as trustee of the Molong Operations Trust,Molong Solar Farm,NSW1,Generator,Market,Semi-Scheduled,Solar,Solar,Renewable,Photovoltaic Tracking Flat panel,Jan-22,1.364,Y,      MOLNGSF1,36,30,6,Molong ,-33.0923817,148.8638613,1,63.53,WELLINGTON 330 kV,Neutral,63.53,WELLINGTON 330 kV,Neutral,63.53,WELLINGTON 330 kV,Neutral
90,Moree Solar Farm Pty Ltd,Moree Solar Farm,NSW1,Generator,Market,Semi-Scheduled,Solar,Solar,Renewable,Photovoltaic Tracking Flat panel,Jan-56,1.019,N,MOREESF1,57.064,56,60,Moree ,-29.4617202,149.8407153,1,95.19,NARRABRI 132 kV,Poor,95.19,NARRABRI 132 kV,Poor,95.19,NARRABRI 132 kV,Poor
91,Mortons Lane Windfarm Pty Limited,Mortons Lane Wind Farm,VIC1,Generator,Market,Non-Scheduled,Wind,Wind,Renewable,Wind - Onshore,Jan-13,1.5,N,MLWF1,19.5,20,0,Mortons Lane ,-34.1793073,147.6413135,1,115.78,WAGGA 330 kV,Neutral,115.78,WAGGA 330 kV,High,115.78,WAGGA 330 kV,High
92,Ergon Energy Queensland Pty Ltd ,Mount Emerald Wind Farm,QLD1,Generator,Market,Semi-Scheduled,Wind,Wind,Renewable,Wind - Onshore, 1-37,3.45,N,MEWF1,127.65,126.05,159,Mount Emerald ,-17.2038889,145.4061111,1,45.94,WOREE 275 kV,Poor,45.94,WOREE 275 kV,Very poor,45.94,WOREE 275 kV,Very poor
93,Ergon Energy Queensland Pty Ltd ,Mount Emerald Wind Farm,QLD1,Generator,Market,Semi-Scheduled,Wind,Wind,Renewable,Wind - Onshore, 38-53,3.3,N,MEWF1,52.8,52.15,159,Mount Emerald ,-17.2038889,145.4061111,1,45.94,WOREE 275 kV,Poor,45.94,WOREE 275 kV,Very poor,45.94,WOREE 275 kV,Very poor
94,Mt Gellibrand Wind Farm Pty Ltd,Mt Gellibrand Wind Farm,VIC1,Generator,Market,Semi-Scheduled,Wind,Wind,Renewable,Wind - Onshore, 1-14,3.136,Y,MTGELWF1,43.904,66,400/200,Mt Gellibrand ,-38.23347,143.79238,1,38.46,BERRYBANK 220 kV,Very poor,38.46,BERRYBANK 220 kV,Very poor,38.46,BERRYBANK 220 kV,Very poor
95,Mt Gellibrand Wind Farm Pty Ltd,Mt Gellibrand Wind Farm,VIC1,Generator,Market,Semi-Scheduled,Wind,Wind,Renewable,Wind - Onshore, 19-26,3.136,Y,MTGELWF1,25.088,-,-,Mt Gellibrand ,-38.23347,143.79238,1,38.46,BERRYBANK 220 kV,Very poor,38.46,BERRYBANK 220 kV,Very poor,38.46,BERRYBANK 220 kV,Very poor
96,Mt Gellibrand Wind Farm Pty Ltd,Mt Gellibrand Wind Farm,VIC1,Generator,Market,Semi-Scheduled,Wind,Wind,Renewable,Wind - Onshore, 15-18,3.136,Y,MTGELWF1,12.544,66,400/200,Mt Gellibrand ,-38.23347,143.79238,1,38.46,BERRYBANK 220 kV,Very poor,38.46,BERRYBANK 220 kV,Very poor,38.46,BERRYBANK 220 kV,Very poor
97,Mt Gellibrand Wind Farm Pty Ltd,Mt Gellibrand Wind Farm,VIC1,Generator,Market,Semi-Scheduled,Wind,Wind,Renewable,Wind - Onshore, 27-35,3.136,Y,MTGELWF1,28.224,-,-,Mt Gellibrand ,-38.23347,143.79238,1,38.46,BERRYBANK 220 kV,Very poor,38.46,BERRYBANK 220 kV,Very poor,38.46,BERRYBANK 220 kV,Very poor
98,Mt Gellibrand Wind Farm Pty Ltd,Mt Gellibrand Wind Farm,VIC1,Generator,Market,Semi-Scheduled,Wind,Wind,Renewable,Wind - Onshore, 38-40,3.136,Y,MTGELWF1,9.408,-,-,Mt Gellibrand ,-38.23347,143.79238,1,38.46,BERRYBANK 220 kV,Very poor,38.46,BERRYBANK 220 kV,Very poor,38.46,BERRYBANK 220 kV,Very poor
99,Mt Gellibrand Wind Farm Pty Ltd,Mt Gellibrand Wind Farm,VIC1,Generator,Market,Semi-Scheduled,Wind,Wind,Renewable,Wind - Onshore, 42-47,3.136,Y,MTGELWF1,18.816,-,-,Mt Gellibrand ,-38.23347,143.79238,1,38.46,BERRYBANK 220 kV,Very poor,38.46,BERRYBANK 220 kV,Very poor,38.46,BERRYBANK 220 kV,Very poor
100,Mt Mercer Windfarm Pty Ltd,Mt Mercer Wind Farm,VIC1,Generator,Market,Semi-Scheduled,Wind,Wind,Renewable,Wind - Onshore,Jan-64,2.05,N,MERCER01,131.2,131,33,Mt Mercer ,-42.4831636,147.2873231,1,38.34,LINDISFARNE 220 kV,Neutral,38.34,LINDISFARNE 220 kV,Neutral,38.34,LINDISFARNE 220 kV,Neutral
101,Mt Millar Wind Farm Pty Ltd,Mt Millar Wind Farm,SA1,Generator,Market,Non-Scheduled,Wind,Wind,Renewable,Wind - Onshore,Jan-35,2,N,MTMILLAR,70,70,,Mt Millar ,-20.7519616,148.5577955,1,65.57,PIONEER VALLEY 132 kV,Neutral,65.57,PIONEER VALLEY 132 kV,Neutral,65.57,PIONEER VALLEY 132 kV,Neutral
102,Mugga Lane Solar Park Pty Ltd,Mugga Lane Solar Park,NSW1,Generator,Market,Non-Scheduled,Solar,Solar,Renewable,Photovoltaic Tracking Flat panel,1,12,Y,MLSP1,12,12,0,Mugga Lane ,-35.390303,149.1364047,1,21.69,WILLIAMSDALE 330 kV,High,21.69,WILLIAMSDALE 330 kV,High,21.69,WILLIAMSDALE 330 kV,High
103,Telstra Energy (Generation) Pty Ltd,Murra Warra Wind Farm,VIC1,Generator,Market,Semi-Scheduled,Wind,Wind,Renewable,Wind - Onshore,Jan-61,3.7,Y,MUWAWF1,231.8,225.7,45,Murra Warra ,-36.4364125,142.24662,1,6.7,MURRA WARRA 220 kV,Very poor,6.7,MURRA WARRA 220 kV,Very poor,6.7,MURRA WARRA 220 kV,Very poor
104,Hydro-Electric Corporation,Musselroe Wind Farm,TAS1,Generator,Market,Semi-Scheduled,Wind,Wind,Renewable,Wind - Onshore,Jan-56,3,N,MUSSELR1,168,168,168,Musselroe ,-40.806599,148.0371745,1,41.01,DERBY 110 kV,Very poor,41.01,DERBY 110 kV,Very poor,41.01,DERBY 110 kV,Very poor
105,Dubbo Solar Hub Pty Ltd,Narromine Solar Farm,NSW1,Generator,Market,Non-Scheduled,Solar,Solar,Renewable,Photovoltaic Tracking Flat panel,1-Apr,2.5,N,NASF1,10,9,0,Narromine ,-32.2317016,147.9528517,1,63.65,DUBBO 132 kV,Poor,63.65,DUBBO 132 kV,Poor,63.65,DUBBO 132 kV,Poor
106,Elliott Nevertire Solar Pty Ltd as Trustee for the Elliott Nevertire Trust,Nevertire Solar Farm,NSW1,Generator,Market,Semi-Scheduled,Solar,Solar,Renewable,Photovoltaic Tracking Flat panel,Jan-48,2.18,N,NEVERSF1,132,105,0,Nevertire ,-31.8370998,147.7179629,1,57.45,NYNGAN 132 kV,Very poor,57.45,NYNGAN 132 kV,Very poor,57.45,NYNGAN 132 kV,Very poor
107,AGL SA Generation Pty Limited,North Brown Hill Wind Farm,SA1,Generator,Market,Semi-Scheduled,Wind,Wind,Renewable,Wind - Onshore,Jan-63,2.1,N,NBHWF1,132.3,132,30,North Brown Hill ,-35.3266316,148.9862309,1,12.03,CANBERRA 330 kV,High,12.03,CANBERRA 330 kV,High,12.03,CANBERRA 330 kV,High
108,Numurkah Solar Farm Pty Ltd,Numurkah Solar Farm,VIC1,Generator,Market,Semi-Scheduled,Solar,Solar,Renewable,Photovoltaic Tracking Flat panel,Jan-37,1.785,Y,NUMURSF1,74,100,20,Numurkah ,-36.0930602,145.4416699,1,27.88,SHEPPARTON 220 kV,Neutral,27.88,SHEPPARTON 220 kV,Very poor,27.88,SHEPPARTON 220 kV,Very poor
109,Numurkah Solar Farm Pty Ltd,Numurkah Solar Farm,VIC1,Generator,Market,Semi-Scheduled,Solar,Solar,Renewable,Photovoltaic Tracking Flat panel,38-56,1.785,Y,NUMURSF2,38,100,20,Numurkah ,-36.0930602,145.4416699,1,27.88,SHEPPARTON 220 kV,Neutral,27.88,SHEPPARTON 220 kV,Very poor,27.88,SHEPPARTON 220 kV,Very poor
110,AGL Hydro Partnership,Nyngan Solar Plant,NSW1,Generator,Market,Semi-Scheduled,Solar,Solar,Renewable,Photovoltaic Flat panel,1-154,0.663,N,NYNGAN1,102.141,102,20,Nyngan ,-31.56287,147.1965904,1,1.77,NYNGAN 132 kV,Very poor,1.77,NYNGAN 132 kV,Very poor,1.77,NYNGAN 132 kV,Very poor
111,Diamond Energy Pty Ltd,Oakey 1 Solar Farm,QLD1,Generator,Market,Semi-Scheduled,Solar,Solar,Renewable,Photovoltaic Tracking Flat panel,1-Dec,2.083,Y,OAKEY1SF,30,25,1000,Oakey 1 ,-27.4360062,151.7189067,1,30.59,MIDDLE RIDGE 275 kV,Poor,30.59,MIDDLE RIDGE 275 kV,Very poor,30.59,MIDDLE RIDGE 275 kV,Neutral
112,Diamond Energy Pty Ltd,Oakey 2 Solar Farm,QLD1,Generator,Market,Semi-Scheduled,Solar,Solar,Renewable,Photovoltaic Tracking Flat panel,Jan-26,2.115,Y,OAKEY2SF,65,55,32,Oakey 2 ,-27.4360062,151.7189067,1,30.59,MIDDLE RIDGE 275 kV,Poor,30.59,MIDDLE RIDGE 275 kV,Very poor,30.59,MIDDLE RIDGE 275 kV,Neutral
113,AGL Hydro Partnership,Oaklands Hill Wind Farm,VIC1,Generator,Market,Semi-Scheduled,Wind,Wind,Renewable,Wind - Onshore,Jan-32,2.1,N,OAKLAND1,67,63,30,Oaklands Hill ,-35.5714363,146.1600923,1,59.02,FINLEY 132 kV,Very poor,59.02,FINLEY 132 kV,Very poor,59.02,FINLEY 132 kV,Very poor
114,Parkes Solar Farm Pty Ltd,Parkes Solar Farm,NSW1,Generator,Market,Semi-Scheduled,Solar,Solar,Renewable,Photovoltaic Flat panel,Jan-22,2.295,Y,PARSF1,55,50.5,1000,Parkes ,-32.8225409,147.9761363,1,32.49,PARKES 132 kV,Poor,32.49,PARKES 132 kV,Poor,32.49,PARKES 132 kV,Poor
115,Pacific Hydro Portland Wind Farm Pty Ltd,Portland Wind Farm,VIC1,Generator,Non-Market,Non-Scheduled,Wind,Wind,Renewable,Wind - Onshore,74,2,N,-,148,148,0,Portland ,-38.3456231,141.6042304,1,4.95,ALCOA\/PORTLAND 500 kV,Very poor,4.95,ALCOA\/PORTLAND 500 kV,Very poor,4.95,ALCOA\/PORTLAND 500 kV,Very poor
116,Ross River Operations Pty Ltd as the Trustee for the Ross River Operations Trust ,"Ross River Solar Farm, Units 1-64 ",QLD1,Generator,Market,Semi-Scheduled,Solar,Solar,Renewable,Photovoltaic Tracking Flat panel,Jan-64,2,Y,RRSF1,128,116,696,Ross River ,-19.3090595,146.7688108,1,11.5,ROSS 275 kV,Very poor,11.5,ROSS 275 kV,Very poor,11.5,ROSS 275 kV,Very poor
117,Royalla Solar Farm Pty Limited,Royalla Solar Farm,NSW1,Generator,Market,Non-Scheduled,Solar,Solar,Renewable,Photovoltaic Flat panel,Jan-20,1,N,ROYALLA1,20,20,0,Royalla ,-35.515,149.1511111,1,7.98,WILLIAMSDALE 330 kV,High,7.98,WILLIAMSDALE 330 kV,High,7.98,WILLIAMSDALE 330 kV,High
118,Braemar Power Project Pty Ltd,Rugby Run Solar Farm,QLD1,Generator,Market,Semi-Scheduled,Solar,Solar,Renewable,Photovoltaic Tracking Flat panel,Jan-25,2.6,N,RUGBYR1,83,65,17,Rugby Run ,-22.1349463,147.8910002,1,70.08,DYSART 132 kV,Poor,70.08,DYSART 132 kV,Poor,70.08,DYSART 132 kV,Poor
119,South Australian Water Corporation,"Morgan-Whyalla Pipeline PS 3 PV1, Units 1-3",SA!,Generator,Market,Semi-Scheduled,Solar,Solar,Renewable,Photovoltaic Tracking Flat panel,1-Mar,2.5,N,MWPS3PV1 ,7,6,2,"Morgan-Whyalla Pipeline PS 3 PV1, Units 1-3",-32.72765604,137.9610839,1,25.33,DAVENPORT 275 kV,Very poor,25.33,DAVENPORT 275 kV,Very poor,25.33,DAVENPORT 275 kV,Very poor
120,Salt Creek Wind Farm Pty Ltd,Salt Creek Wind Farm,VIC1,Generator,Market,Semi-Scheduled,Wind,Wind,Renewable,Wind - Onshore,Jan-15,3.6,Y,SALTCRK1,54,54,162,Salt Creek ,-37.91813956,142.7957466,1,19.43,MORTLAKE 500 kV,Very poor,19.43,MORTLAKE 500 kV,Very poor,19.43,MORTLAKE 500 kV,Very poor
121,The Trustee For The SWF1 Operations Trust,Sapphire Wind Farm,NSW1,Generator,Market,Semi-Scheduled,Wind,Wind,Renewable,Wind - Onshore,Jan-75,3.6,Y,SAPHWF1,270,270,225,Sapphire ,-23.4620946,147.7205977,1,81.2,LILYVALE 275 kV,Neutral,81.2,LILYVALE 275 kV,Poor,81.2,LILYVALE 275 kV,Poor
122,AGL PARF NSW Pty Ltd,Silverton Wind Farm,NSW1,Generator,Market,Semi-Scheduled,Wind,Wind,Renewable,Wind - Onshore,Jan-58,3.43,Y,STWF1,198.94,198,50,Silverton ,-31.8869094,141.2275456,1,21.2,BROKEN HILL 220 kV,Very poor,21.2,BROKEN HILL 220 kV,Very poor,21.2,BROKEN HILL 220 kV,Very poor
123,Snowtown Wind Farm Stage 2 Pty Ltd,Snowtown South Wind Farm,SA1,Generator,Market,Semi-Scheduled,Wind,Wind,Renewable,Wind - Onshore,Jan-42,3,N,SNOWSTH1,126,126,50,Snowtown South ,-33.7829422,138.2147186,1,10.33,SNOWTOWN 275 kV,Poor,10.33,SNOWTOWN 275 kV,Poor,10.33,SNOWTOWN 275 kV,Poor
124,Snowtown Wind Farm Stage 2 Pty Ltd,Snowtown Wind Farm Stage 2 North,SA1,Generator,Market,Semi-Scheduled,Wind,Wind,Renewable,Wind - Onshore,Jan-48,3,N,SNOWNTH1,144,144,50,Snowtown ,-33.7829422,138.2147186,1,10.33,SNOWTOWN 275 kV,Poor,10.33,SNOWTOWN 275 kV,Poor,10.33,SNOWTOWN 275 kV,Poor
125,Snowtown Wind Farm Pty Ltd,Snowtown Wind Farm Units 1 And 47,SA1,Generator,Market,Semi-Scheduled,Wind,Wind,Renewable,Wind - Onshore,Jan-47,2.1,N,SNOWTWN1,99,99,20,Snowtown ,-33.7829422,138.2147186,1,10.33,SNOWTOWN 275 kV,Poor,10.33,SNOWTOWN 275 kV,Poor,10.33,SNOWTOWN 275 kV,Poor
126,Dubbo Solar Hub Pty Ltd,South Keswick Solar Farm,NSW1,Generator,Market,Non-Scheduled,Solar,Solar,Renewable,Photovoltaic Tracking Flat panel,1-Jun,2.5,N,SKSF1,15,13,0,South Keswick ,-34.9443902,138.5777753,1,0.56,CITY WEST 275 kV,Neutral,0.56,CITY WEST 275 kV,Neutral,0.56,CITY WEST 275 kV,Very poor
127,Starfish Hill Wind Farm Pty Ltd,Starfish Hill Wind Farm,SA1,Generator,Market,Non-Scheduled,Wind,Wind,Renewable,Wind - Onshore,Jan-23,1.5,N,STARHLWF,34.5,35,,Starfish Hill ,-35.56645,138.15883,1,61.62,MORPHETT VALE EAST 275 kV,Neutral,61.62,MORPHETT VALE EAST 275 kV,Neutral,61.62,MORPHETT VALE EAST 275 kV,Very poor
128,Sun Metals Corporation Pty Ltd,Sun Metals Solar Farm,QLD1,Generator,Market ,Semi-Scheduled,Solar,Solar,Renewable,Photovoltaic Flat panel,Jan-72,1.64,Y,SMCSF1,118,101,1492,Sun Metals ,-19.33102538,146.89136,1,19.12,ROSS 275 kV,Very poor,19.12,ROSS 275 kV,Very poor,19.12,ROSS 275 kV,Very poor
129,Sun Metals Corporation Pty Ltd,Sun Metals Solar Farm,QLD1,Generator,Market ,Semi-Scheduled,Solar,Solar,Renewable,Photovoltaic Flat panel,73-76,1.5,Y,SMCSF1,6,6,1492,Sun Metals ,-19.33102538,146.89136,1,19.12,ROSS 275 kV,Very poor,19.12,ROSS 275 kV,Very poor,19.12,ROSS 275 kV,Very poor
130,Sunraysia Solar Project Pty Ltd as trustee for the Sunraysia Solar Project Trust,Sunraysia Solar Farm,NSW1,Generator,Market,Semi-Scheduled,Solar,Solar,Renewable,Photovoltaic Flat panel,1-104,1.923,Y,SUNRSF1,228,200,40,Sunraysia ,-34.81,143.49,1,4.99,BALRANALD 220 kV,Very poor,4.99,BALRANALD 220 kV,Very poor,4.99,BALRANALD 220 kV,Very poor
131,Susan River Solar Pty Ltd as Trustee for Susan River Solar Trust,Susan River Solar Farm,QLD1,Generator,Market ,Semi-Scheduled,Solar,Solar,Renewable,Photovoltaic Flat panel,Jan-49,1.74,N,SRSF1,85.26,75,255,Susan River ,-25.4198025,152.8411215,1,66.72,TEEBAR CREEK 275 kV,High,66.72,TEEBAR CREEK 275 kV,High,66.72,TEEBAR CREEK 275 kV,High
132,Vena Energy Services (Australia) Pty Ltd,"Tailem Bend Solar Project 1, Units 1-54",SA1,Generator,Market,Semi-Scheduled,Solar,Solar,Renewable,Photovoltaic Flat Panel,Jan-54,1.795,Y,TBSF1,108,95,19,Tailem Bend ,-35.254046,139.4530263,1,4.03,TAILEM BEND 275 kV,Neutral,4.03,TAILEM BEND 275 kV,Neutral,4.03,TAILEM BEND 275 kV,Neutral
133,Taralga Wind Farm Nominees No 2 Pty Ltd (ATF Taralga Wind Farm Operating Trust),Taralga Wind Farm,NSW1,Generator,Market,Semi-Scheduled,Wind,Wind,Renewable,Wind - Onshore,Jan-21,1.8,N,TARALGA1,106.8,106,180,Taralga ,-34.3993392,149.8202383,1,21.95,BANNABY 500 kV,High,21.95,BANNABY 500 kV,High,21.95,BANNABY 500 kV,High
134,Taralga Wind Farm Nominees No 2 Pty Ltd (ATF Taralga Wind Farm Operating Trust),Taralga Wind Farm,NSW1,Generator,Market,Semi-Scheduled,Wind,Wind,Renewable,Wind - Onshore,22-42,2,N,TARALGA1,-,-,-,Taralga ,-34.3993392,149.8202383,1,21.95,BANNABY 500 kV,High,21.95,BANNABY 500 kV,High,21.95,BANNABY 500 kV,High
135,Taralga Wind Farm Nominees No 2 Pty Ltd (ATF Taralga Wind Farm Operating Trust),Taralga Wind Farm,NSW1,Generator,Market,Semi-Scheduled,Wind,Wind,Renewable,Wind - Onshore,43-51,3,N,TARALGA1,-,-,-,Taralga ,-34.3993392,149.8202383,1,21.95,BANNABY 500 kV,High,21.95,BANNABY 500 kV,High,21.95,BANNABY 500 kV,High
136,AGL SA Generation Pty Limited,The Bluff Wind Farm,SA1,Generator,Market,Semi-Scheduled,Wind,Wind,Renewable,Wind - Onshore,Jan-25,2.1,N,BLUFF1,52.5,53,30,The Bluff ,-28.0511111,152.4975,1,46.71,WARWICK 110 kV,Poor,46.71,WARWICK 110 kV,Poor,46.71,WARWICK 110 kV,Poor
137,Alinta Energy Retail Sales Pty Ltd,Timboon West Wind Farm,VIC1,Generator,Market,Non-Scheduled,Wind,Wind,Renewable,Wind - Onshore,1-Feb,3.6,Y,TIMWEST,7.2,7.2,0,Timboon West ,-38.53889,142.922725,1,34.03,TERANG 220 kV,Poor,34.03,TERANG 220 kV,Poor,34.03,TERANG 220 kV,Poor
138,Toora Wind Farm Pty Ltd,Toora Wind Farm,VIC1,Generator,Market,Non-Scheduled,Wind,Wind,Renewable,Wind - Onshore,1-Dec,1.75,Y,TOORAWF,21,21,,Toora ,-38.6647377,146.3243511,1,43.94,HAZELWOOD 220 kV,High,43.94,HAZELWOOD 220 kV,High,43.94,HAZELWOOD 220 kV,High
139,Diamond Energy Pty Ltd,Valdora Solar Farm,QLD1,Generator,Market,Non-Scheduled,Solar,Solar,Renewable,Photovoltaic Flat panel,1,15,Y,VALDORA1,15,15,0,Valdora ,-26.542975,152.998641,1,19.24,PALMWOODS 275 kV,High,19.24,PALMWOODS 275 kV,High,19.24,PALMWOODS 275 kV,High
140,The University of Queensland ,Warwick Solar Farm 1 ,QLD1,Generator,Market,Semi-Scheduled,Solar,Solar,Renewable,Photovoltaic Flat Panel,Jan-24,1.33,Y,WARWSF1,39,32,7,Warwick ,-28.2163204,152.0327039,1,2.79,WARWICK 110 kV,Poor,2.79,WARWICK 110 kV,Poor,2.79,WARWICK 110 kV,Poor
141,The University of Queensland ,Warwick Solar Farm 2,QLD1,Generator,Market,Semi-Scheduled,Solar,Solar,Renewable,Photovoltaic Flat Panel,Jan-24,1.33,Y,WARWSF2,39,32,7,Warwick ,-28.2163204,152.0327039,1,2.79,WARWICK 110 kV,Poor,2.79,WARWICK 110 kV,Poor,2.79,WARWICK 110 kV,Poor
142,Waterloo Wind Farm Pty Ltd,Waterloo Wind Farm,SA1,Generator,Market,Semi-Scheduled,Wind,Wind,Renewable,Wind - Onshore,Jan-37,3,N,WATERLWF,130.8,130,27,Waterloo ,-33.9002762,151.2073137,1,2.15,HAYMARKET 330 kV,High,2.15,HAYMARKET 330 kV,High,2.15,HAYMARKET 330 kV,High
143,Waterloo Wind Farm Pty Ltd,Waterloo Wind Farm,SA1,Generator,Market,Semi-Scheduled,Wind,Wind,Renewable,Wind - Onshore,38-43,3.3,N,WATERLWF,-,-,-,Waterloo ,-33.9002762,151.2073137,1,2.15,HAYMARKET 330 kV,High,2.15,HAYMARKET 330 kV,High,2.15,HAYMARKET 330 kV,High
144,AGL SA Generation Pty Limited,Wattle Point Wind Farm,SA1,Generator,Market,Non-Scheduled,Wind,Wind,Renewable,Wind - Onshore,Jan-55,1.65,N,WPWF,90.75,91,,Wattle Point ,-33.6207939,150.2303813,1,27.89,WALLERAWANG 330 kV,High,27.89,WALLERAWANG 330 kV,High,27.89,WALLERAWANG 330 kV,High
145,Pyrenees Wind Energy Development Pty Ltd,Waubra Wind Farm,VIC1,Generator,Market,Non-Scheduled,Wind,Wind,Renewable,Wind - Onshore,1-128,1.5,N,WAUBRAWF,192,192,,Waubra ,-37.337312,143.631375,1,29.04,BALLARAT 220 kV,Very poor,29.04,BALLARAT 220 kV,Very poor,29.04,BALLARAT 220 kV,Very poor
146,Lightsource Australia SPV 4 Pty Ltd ,Wellington Solar Farm ,NSW1,Generator,Market,Semi-Scheduled,Solar,Solar,Renewable,Photovoltaic Tracking Flat Panel,1-132,1.287,Y,WELLSF1 ,216,170,30,Wellington ,-35.3313152,139.3831595,1,11.98,TAILEM BEND 275 kV,Neutral,11.98,TAILEM BEND 275 kV,Neutral,11.98,TAILEM BEND 275 kV,Neutral
147,Wemen Asset Co Pty Ltd ATF Wemen Solar Unit Trust ,"Wemen Solar Farm, Units 1-39 ",VIC1,Generator,Market,Semi-Scheduled,Solar,Solar,Renewable,Photovoltaic Tracking Flat Panel,Jan-39,2.256,Y,WEMENSF1,97.5,88,90,Wemen ,-34.7813491,142.641575,1,10.75,WEMEN 220 kV,Very poor,10.75,WEMEN 220 kV,Very poor,10.75,WEMEN 220 kV,Poor
148,White Rock Wind Farm Pty Ltd,White Rock Wind and Solar Farm,NSW1,Generator,Market,Semi-Scheduled,Solar,Solar,Renewable,Photovoltaic Flat Panel,71-78,2.75,Y,WRSF1,22,20,50,White Rock ,-34.4522708,137.3616704,1,64.16,DALRYMPLE 132 kV,Very poor,64.16,DALRYMPLE 132 kV,Very poor,64.16,DALRYMPLE 132 kV,Poor
149,White Rock Wind Farm Pty Ltd,White Rock Wind and Solar Farm,NSW1,Generator,Market,Semi-Scheduled,Wind,Wind,Renewable,Wind - Onshore,Jan-70,2.5,Y,WRWF1,175,172,50,White Rock ,-34.4522708,137.3616704,1,64.16,DALRYMPLE 132 kV,Very poor,64.16,DALRYMPLE 132 kV,Very poor,64.16,DALRYMPLE 132 kV,Poor
150,Whitsunday Solar Farm Pty Ltd,Whitsunday Solar Farm,QLD1,Generator,Market,Semi-Scheduled,Solar,Solar,Renewable,Photovoltaic Tracking Flat Panel,Jan-23,2.5,Y,WHITSF1,57.5,56,20,Whitsunday ,-20.6939435,147.7217804,1,22.36,STRATHMORE 275 kV,Poor,22.36,STRATHMORE 275 kV,Very poor,22.36,STRATHMORE 275 kV,Very poor
151,Willogoleche Power Pty Ltd as Trustee for the Willogoleche Operating Trust ,Willogoleche Wind Farm,SA1,Generator,Market,Semi-Scheduled,Wind,Wind,Renewable,Wind - Onshore,Jan-24,3.83,Y,WGWF1,91.92,119,50,Willogoleche ,-33.393,138.848,1,6.5,WILLOGOLECHE 275 kV,Very poor,6.5,WILLOGOLECHE 275 kV,Poor,6.5,WILLOGOLECHE 275 kV,Poor
152,Willogoleche Power Pty Ltd as Trustee for the Willogoleche Operating Trust ,Willogoleche Wind Farm,SA1,Generator,Market,Semi-Scheduled,Wind,Wind,Renewable,Wind - Onshore,25-32,3.43,Y,WGWF1,27.44,119,50,Willogoleche ,-33.393,138.848,1,6.5,WILLOGOLECHE 275 kV,Very poor,6.5,WILLOGOLECHE 275 kV,Poor,6.5,WILLOGOLECHE 275 kV,Poor
153,Windy Hill Wind Farm Pty Ltd,Windy Hill Wind Farm,QLD1,Generator,Market,Non-Scheduled,Wind,Wind,Renewable,Wind - Onshore,Jan-20,0.6,Y,WHILL1,12,12,,Windy Hill,-37.75191235,144.9196079,1,5.55,WEST MELBOURNE 220 kV,High,5.55,WEST MELBOURNE 220 kV,High,5.55,WEST MELBOURNE 220 kV,High
154,Progressive Green Pty Ltd,Wonthaggi Wind Farm,VIC1,Generator,Market,Non-Scheduled,Wind,Wind,Renewable,Wind - Onshore,1-Jun,2,Y,WONWP,12,12,,Wonthaggi ,-38.6043664,145.5913433,1,48.97,JOHN LYSAGHT 220 kV,High,48.97,JOHN LYSAGHT 220 kV,High,48.97,JOHN LYSAGHT 220 kV,High
155,Woodlawn Wind Pty Ltd,Woodlawn Wind Farm,NSW1,Generator,Market,Semi-Scheduled,Wind,Wind,Renewable,Wind - Onshore,,2.1,N,WOODLWN1,48.3,48,13,Woodlawn ,-28.7663,153.3184,1,18.72,LISMORE 330 kV,Neutral,18.72,LISMORE 330 kV,Neutral,18.72,LISMORE 330 kV,Neutral
156,Hydro-Electric Corporation,Woolnorth Studland Bay / Bluff Point Wind Farm,TAS1,Generator,Market,Non-Scheduled,Wind,Wind,Renewable,Wind - Onshore,WBP 1-37,1.75,Y,WOOLNTH1,140,140,,Woolnorth Studland Bay / Bluff Point ,-40.6782,144.6935,1,41.41,SMITHTON 110 kV,Very poor,41.41,SMITHTON 110 kV,Very poor,41.41,SMITHTON 110 kV,Very poor
157,Hydro-Electric Corporation,Woolnorth Studland Bay / Bluff Point Wind Farm,TAS1,Generator,Market,Non-Scheduled,Wind,Wind,Renewable,Wind - Onshore,WSB 1-25,3,Y,WOOLNTH1,-,-,-,Woolnorth Studland Bay / Bluff Point ,-40.6782,144.6935,1,41.41,SMITHTON 110 kV,Very poor,41.41,SMITHTON 110 kV,Very poor,41.41,SMITHTON 110 kV,Very poor
158,Pacific Hydro Yaloak South Pty Ltd,Yaloak South Wind Farm,VIC1,Generator,Market,Non-Scheduled,Wind,Wind,Renewable,Wind - Onshore,Jan-14,2.05,Y,YSWF1,28.7,28,172,Yaloak South ,-37.8497453,143.5874355,1,20.9,BERRYBANK 220 kV,Very poor,20.9,BERRYBANK 220 kV,Very poor,20.9,BERRYBANK 220 kV,Very poor
159,Energy Pacific (Vic) Pty Ltd,Yambuk Wind Farm,VIC1,Generator,Market,Non-Scheduled,Wind,Wind,Renewable,Wind - Onshore,Jan-20,1.5,N,YAMBUKWF,30,30,,Yambuk ,-38.3171989,142.0657,1,18.36,TARRONE 500 kV,Very poor,18.36,TARRONE 500 kV,Very poor,18.36,TARRONE 500 kV,Very poor
160,Yarranlea Solar Pty Ltd ,Yarranlea Solar Farm,QLD1,Generator,Market,Semi-Scheduled,Solar,Solar,Renewable,Photovoltaic Tracking Flat panel,Jan-44,2.34,Y,YARANSF1,121,103,20,Yarranlea ,-27.723365,151.5510408,1,38.26,MILLMERRAN 330 kV,High,38.26,MILLMERRAN 330 kV,Very poor,38.26,MILLMERRAN 330 kV,Neutral
161,Yatpool Sun Farm Pty Ltd,Yatpool Solar Farm,VIC1,Generator,Market,Semi-Scheduled,Solar,Solar,Renewable,Photovoltaic Tracking Flat panel,Jan-36,2.25,Y,       YATSF1,94,81,16,Yatpool ,-34.38046825,142.1883733,1,6.78,CARWARP 220 kV,Very poor,6.78,CARWARP 220 kV,Very poor,6.78,CARWARP 220 kV,Very poor
162,Alinta Energy Retail Sales Pty Ltd,Yawong Wind Farm,VIC1,Generator,Market,Non-Scheduled,Wind,Wind,Renewable,Wind - Onshore,1-Feb,3.6,Y,YAWWF1,7.2,7.2,0,Yawong ,-36.469043,143.3869903,1,72.56,BULGANA 220 kV,Very poor,72.56,BULGANA 220 kV,Very poor,72.56,BULGANA 220 kV,Very poor
163,Lal Lal Wind Farms Nom Co Pty Ltd,Yendon Wind Farm,VIC1,Generator,Market,Semi-Scheduled,Wind,Wind,Renewable,Wind - Onshore,Jan-38,3.763,Y,YENDWF1,144.4,142,28,Yendon ,-37.6376283,143.97273,1,10.82,ELAINE 220 kV,Very poor,10.82,ELAINE 220 kV,Very poor,10.82,ELAINE 220 kV,Very poor
